{"version":1.19,"ponyName":"My OC","ponySaveDate":1658806992990,"miniScreenshot":0,"bodyColorStyle":"1","bodyColor1":[1,0.9058823529411765,0.8705882352941177,1],"bodyColor2":[1,0.5019607843137255,0.5019607843137255,1],"bodyColor3":[0.215,0.215,0.81,1],"lEyeSelect":"0","rEyeSelect":"0","leftEyeHSV":{"0":0.5122222304344177,"1":0.9599999785423279,"2":1},"rightEyeHSV":{"0":0.5126993656158447,"1":0.9588235020637512,"2":1},"leftEyeColor1":[1,1,1,1],"rightEyeColor1":[1,1,1,1],"leftEyeScale":1,"rightEyeScale":1,"lEyeTx":0,"lEyeTy":0,"rEyeTx":0,"rEyeTy":0,"hairFrontStyle":43,"hairFrontColor1":[1,0.7490196078431373,0.7490196078431373,1],"hairFrontColor2":[1,0.5019607843137255,0.5019607843137255,1],"hairFrontColor3":[1,0.8,0.41,1],"hairBackStyle":13,"hairBackColor1":[1,0.75,0.75,1],"hairBackColor2":[1,0.5019607843137255,0.5019607843137255,1],"hairBackColor3":[1,0.8,0.41,1],"hairExtratyle":0,"hairExtraColor1":[1,0.7490196078431373,0.7490196078431373,1],"hairExtraColor2":[1,0.5019607843137255,0.5019607843137255,1],"hairExtraColor3":[1,0.8,0.41,1],"tailStyle":3,"tailColor1":[1,0.75,0.75,1],"tailColor2":[1,0.5019607843137255,0.5019607843137255,1],"tailColor3":[1,0.8,0.41,1],"hornStyle":3,"hornColor1":[1,0.9058823529411765,0.8705882352941177,1],"hornColor2":[1,0.5019607843137255,0.5019607843137255,1],"hornColor3":{"0":0,"1":0,"2":0,"3":1},"leftWingStyle":0,"leftWingColor1":[0.53,0.58,0.8,1],"leftWingColor2":[0.64,0.64,0.64,1],"leftWingColor3":[1,0.8,0.41,1],"rightWingStyle":0,"rightWingColor1":[0.53,0.58,0.8,1],"rightWingColor2":[0.64,0.64,0.64,1],"rightWingColor3":[1,0.8,0.41,1],"collar1Style":1,"collar1Color1":[1,1,1,1],"collar1Color2":[0.5607843137254902,1,0.796078431372549,1],"collar1Color3":[1,0.8,0.41,1],"headgear1Style":0,"headgear1Color1":[1,1,1,1],"headgear1Color2":[0.149,0.588,0.796,1],"headgear1Color3":[1,0.8,0.41,1],"headbandAlength":2,"headbandAStyle":[0,0],"headbandAColor1":[[1,1,1,1],[1,1,1,1]],"headbandAColor2":[[0.149,0.588,0.796,1],[0.149,0.588,0.796,1]],"headbandAColor3":[[1,0.8,0.41,1],[1,0.8,0.41,1]],"accLength":13,"accStyle":[0,0,0,0,0,0,0,0,0,0,0,0,0],"accColor1":[[1,1,1,1],[1,1,1,1],[1,1,1,1],[1,1,1,1],[1,1,1,1],[1,1,1,1],[1,1,1,1],[1,1,1,1],[1,1,1,1],[1,1,1,1],[1,1,1,1],[1,1,1,1],[1,1,1,1]],"accColor2":[[0.149,0.588,0.796,1],[0.149,0.588,0.796,1],[0.149,0.588,0.796,1],[0.149,0.588,0.796,1],[0.149,0.588,0.796,1],[0.149,0.588,0.796,1],[0.36078431372549025,0.5294117647058822,1,1],[0.149,0.588,0.796,1],[0.36078431372549025,0.5294117647058822,1,1],[0.149,0.588,0.796,1],[0.149,0.588,0.796,1],[0.149,0.588,0.796,1],[0.149,0.588,0.796,1]],"accColor3":[[1,0.8,0.41,1],[1,0.8,0.41,1],[1,0.8,0.41,1],[1,0.8,0.41,1],[1,0.8,0.41,1],[1,0.8,0.41,1],[0.5607843137254902,1,0.796078431372549,1],[1,0.8,0.41,1],[0.56,1,0.7946666666666666,1],[1,0.8,0.41,1],[1,0.8,0.41,1],[1,0.8,0.41,1],[1,0.8,0.41,1]],"tongueStyle":1,"tongueColor1":[1,0.53,0.23,1],"tongueColor2":{"0":0,"1":0,"2":0,"3":1},"tongueColor3":{"0":0,"1":0,"2":0,"3":1},"teethStyle":1,"teethColor1":[1,1,1,1],"teethColor2":{"0":0,"1":0,"2":0,"3":1},"teethColor3":{"0":0,"1":0,"2":0,"3":1},"eyelashesStyle":3,"eyelashesColor1":[0,0,0,1],"eyelashesColor2":{"0":0,"1":0,"2":0,"3":1},"eyelashesColor3":{"0":0,"1":0,"2":0,"3":1},"morphValue":[0,0,0,0,0,0,0,0,0,0,0,0,0,0,0,0,0,0,0,0,0,0,0,0,0,0,0,0,0,0,0,0,0,0,0,0,0,0,0,0,0,0,0,0,0,0,0,0,0,0,0,0,0,0,0,0,0,0,0,"0","1",0,0,0,0,0,0,0,0,0,0,0,0,0,0,0,0,0,0,0,0,0,0,0,0,0,0,0,0,0,0,0,0,0,0,0,0,0,0,0],"stickerNumber":8,"sticker":[{"id":0,"htmlid":"blankStickerImg","display":false,"src":"https://ponylumen.net/games/3d-pony-creator/js/stickers/triple_hearts.png","angle":0,"uscale":0.2,"vscale":0.2,"ut":0.5,"vt":0.5,"reverse":false,"triID":0},{"id":1,"htmlid":0,"display":false,"src":"js/stickers/blank.png","angle":0,"uscale":0.2,"vscale":0.2,"ut":0.5,"vt":0.5,"reverse":false,"triID":0},{"id":2,"htmlid":0,"display":false,"src":"js/stickers/blank.png","angle":0,"uscale":0.2,"vscale":0.2,"ut":0.5,"vt":0.5,"reverse":false,"triID":0},{"id":3,"htmlid":0,"display":false,"src":"js/stickers/blank.png","angle":0,"uscale":0.2,"vscale":0.2,"ut":0.5,"vt":0.5,"reverse":false,"triID":0},{"id":4,"htmlid":0,"display":false,"src":"js/stickers/blank.png","angle":0,"uscale":0.2,"vscale":0.2,"ut":0.5,"vt":0.5,"reverse":false,"triID":0},{"id":5,"htmlid":0,"display":false,"src":"js/stickers/blank.png","angle":0,"uscale":0.2,"vscale":0.2,"ut":0.5,"vt":0.5,"reverse":false,"triID":0},{"id":6,"htmlid":0,"display":false,"src":"js/stickers/blank.png","angle":0,"uscale":0.2,"vscale":0.2,"ut":0.5,"vt":0.5,"reverse":false,"triID":0},{"id":7,"htmlid":0,"display":false,"src":"js/stickers/blank.png","angle":0,"uscale":0.2,"vscale":0.2,"ut":0.5,"vt":0.5,"reverse":false,"triID":0}],"cutieMark":"500","custom_l_CM_angle":0.17453292519943295,"custom_l_CM_uscale":0.1,"custom_l_CM_vscale":0.1,"custom_l_CM_reverse":false,"custom_r_CM_angle":0.17453292519943295,"custom_r_CM_uscale":0.1,"custom_r_CM_vscale":0.1,"custom_r_CM_reverse":true,"custom_l_CM_ut":0.5,"custom_l_CM_vt":0.5,"custom_r_CM_ut":0.5,"custom_r_CM_vt":0.5,"ponyHeight":0,"hornHeight":"-10","leftWingHeight":1,"rightWingHeight":1,"tailWingHeight":1,"headSize":{"0":1,"1":1,"2":1},"jointRotateDegrees":[{"0":0,"1":0,"2":0},{"0":-0.04155407473444939,"1":-89.82958984375,"2":77.88194274902344},{"0":-0.000040639610233483836,"1":0.00005118365152156912,"2":23.76557159423828},{"0":-0.00004156183422310278,"1":0.00005080148912384175,"2":25.443391799926758},{"0":-0.00006670608127024025,"1":0.00007309325155802071,"2":47.87408447265625},{"0":0.000007307579835469369,"1":-0.00011448699660832062,"2":7.304291248321533},{"0":0.000053207939345156774,"1":0.00015940044249873608,"2":-104.17935943603516},{"0":0.000053207939345156774,"1":0.00015940044249873608,"2":-104.17935943603516},{"0":-0.00017694970301818103,"1":-0.000005289525233820314,"2":-157.57997131347656},{"0":0.0019900910556316376,"1":0.0011539619881659746,"2":28.924686431884766},{"0":-8.700124740600586,"1":-0.21465010941028595,"2":14.28782844543457},{"0":-0.000007647136044397485,"1":0.00002863186819013208,"2":29.905437469482422},{"0":0,"1":0,"2":22.276153564453125},{"0":-0.00001475615135859698,"1":0.000057200912124244496,"2":28.924741744995117},{"0":-8.69798469543457,"1":-0.21461033821105957,"2":14.287711143493652},{"0":0,"1":0,"2":29.905433654785156},{"0":-1.9828824996948242,"1":9.378314018249512,"2":-83.86495208740234},{"0":1.375613808631897,"1":-19.131742477416992,"2":-99.8533935546875},{"0":-6.255098342895508,"1":2.8595337867736816,"2":98.6093978881836},{"0":-1.4686908721923828,"1":-10.337983131408691,"2":41.00791931152344},{"0":1.972247838973999,"1":-9.38139820098877,"2":95.87962341308594},{"0":1.3757312297821045,"1":-19.13165855407715,"2":-99.8535385131836},{"0":-6.255016803741455,"1":2.858811855316162,"2":98.60956573486328},{"0":-1.4679944515228271,"1":-10.338044166564941,"2":41.00773239135742},{"0":7.741807460784912,"1":-1.2393463850021362,"2":167.65904235839844}],"tailjointRotateDegrees":[{"0":-24.430124282836914,"1":18.270872116088867,"2":-38.55760192871094},{"0":-13.699116706848145,"1":-6.112546920776367,"2":62.358123779296875},{"0":-6.882865905761719,"1":-104.44670867919922,"2":-113.2497329711914}],"lwingjointRotateDegrees":[],"rwingjointRotateDegrees":[],"animation":"custom","gender":0,"light0A":{"0":0.44999998807907104,"1":0.44999998807907104,"2":0.44999998807907104},"light0D":{"0":0.5,"1":0.5,"2":0.5},"light0S":{"0":0.05000000074505806,"1":0.05000000074505806,"2":0.05000000074505806},"ponyShininess":"50","hairFront_uHSV":{"0":374.9936828613281,"1":1,"2":1},"hairFront_tex1":0,"hairBack_uHSV":{"0":374.9936828613281,"1":1,"2":1},"hairBack_tex1":0,"tail_uHSV":{"0":97.63520812988281,"1":1,"2":1},"tail_tex1":0,"horn_uHSV":{"0":374.9936828613281,"1":1,"2":1},"horn_tex1":0,"leftWing_uHSV":{"0":374.9936828613281,"1":1,"2":1},"leftWing_tex1":0,"rightWing_uHSV":{"0":374.9936828613281,"1":1,"2":1},"rightWing_tex1":0,"earSelect":"0","teethSelect":"1","bgSelect":"0","bgColorR":0.88,"bgColorG":0.88,"bgColorB":0.88,